{
   "chamber_temperature" : "0",
   "close_fan_the_first_x_layers" : "3",
   "compatible_printers" : "",
   "compatible_printers_condition" : "printer_notes=~/.*PRINTER_VENDOR_CREALITY.*/",
   "compatible_prints" : "",
   "compatible_prints_condition" : "",
   "cool_plate_temp" : "80",
   "cool_plate_temp_initial_layer" : "80",
   "default_filament_colour" : "#DDDDDD",
   "eng_plate_temp" : "80",
   "eng_plate_temp_initial_layer" : "80",
   "fan_cooling_layer_time" : "20",
   "fan_max_speed" : "50",
   "fan_min_speed" : "40",
   "filament_cost" : "30",
   "filament_density" : "1.27",
   "filament_diameter" : "1.75",
   "filament_end_gcode" : [
      "; Filament-specific end gcode \n;END gcode for filament\n"
   ],
   "filament_flow_ratio" : "0.993",
   "filament_max_volumetric_speed" : "8",
   "filament_minimal_purge_on_wipe_tower" : "15",
   "filament_notes" : [
      ""
   ],
   "filament_retraction_length" : "0.3",
   "filament_retraction_speed" : "25",
   "filament_settings_id" : "Overture PETG 0.6",
   "filament_shrink" : "100%",
   "filament_soluble" : "0",
   "filament_start_gcode" : [
      "; Filament gcode\n; PETG Z offset\nG1 Z{first_layer_height + 0.04} ; move nozzle to offset\nG92 Z[first_layer_height] ; set current Z position as first layer height"
   ],
   "filament_type" : "PETG",
   "filament_vendor" : "Generic",
   "from" : "User",
   "full_fan_speed_layer" : "4",
   "hot_plate_temp" : "80",
   "hot_plate_temp_initial_layer" : "80",
   "inherits" : "Generic PETG @CREALITY",
   "is_custom_defined" : "1",
   "name" : "Overture PETG 0.6",
   "nozzle_temperature" : "225",
   "nozzle_temperature_initial_layer" : "240",
   "nozzle_temperature_range_high" : "240",
   "nozzle_temperature_range_low" : "0",
   "overhang_fan_speed" : "100",
   "overhang_fan_threshold" : "0%",
   "reduce_fan_stop_start_freq" : "1",
   "slow_down_for_layer_cooling" : "1",
   "slow_down_layer_time" : "20",
   "slow_down_min_speed" : "15",
   "support_material_interface_fan_speed" : "-1",
   "textured_plate_temp" : "80",
   "textured_plate_temp_initial_layer" : "80",
   "version" : "1.6.0.0"
}
