{
   "chamber_temperature" : "0",
   "close_fan_the_first_x_layers" : "1",
   "compatible_printers" : "",
   "compatible_printers_condition" : "",
   "compatible_prints" : "",
   "compatible_prints_condition" : "",
   "cool_plate_temp" : "60",
   "cool_plate_temp_initial_layer" : "60",
   "default_filament_colour" : "#DDDDDD",
   "eng_plate_temp" : "60",
   "eng_plate_temp_initial_layer" : "60",
   "fan_cooling_layer_time" : "100",
   "fan_max_speed" : "100",
   "fan_min_speed" : "100",
   "filament_cost" : "20",
   "filament_density" : "1.24",
   "filament_diameter" : "1.75",
   "filament_end_gcode" : [
      "; Filament-specific end gcode \n;END gcode for filament\n"
   ],
   "filament_flow_ratio" : "0.92",
   "filament_max_volumetric_speed" : "15",
   "filament_minimal_purge_on_wipe_tower" : "15",
   "filament_notes" : [
      ""
   ],
   "filament_settings_id" : "PLACF",
   "filament_shrink" : "100%",
   "filament_soluble" : "0",
   "filament_start_gcode" : [
      "; Filament gcode\n"
   ],
   "filament_type" : "PLA",
   "filament_vendor" : "Generic",
   "from" : "User",
   "full_fan_speed_layer" : "4",
   "hot_plate_temp" : "60",
   "hot_plate_temp_initial_layer" : "60",
   "inherits" : "Generic PLA @CREALITY",
   "is_custom_defined" : "1",
   "name" : "PLACF",
   "nozzle_temperature" : "205",
   "nozzle_temperature_initial_layer" : "205",
   "nozzle_temperature_range_high" : "205",
   "nozzle_temperature_range_low" : "0",
   "overhang_fan_speed" : "100",
   "overhang_fan_threshold" : "0%",
   "reduce_fan_stop_start_freq" : "1",
   "slow_down_for_layer_cooling" : "1",
   "slow_down_layer_time" : "20",
   "slow_down_min_speed" : "15",
   "support_material_interface_fan_speed" : "-1",
   "textured_plate_temp" : "60",
   "textured_plate_temp_initial_layer" : "60",
   "version" : "1.6.0.0"
}
